--
-- PostgreSQL database dump
--

\restrict 5ToKwMJpGsySmkuKzPuMyxOpuigrGwwtE8xNfY3oRcTBhz5y0ELTnucL6K5bFbz

-- Dumped from database version 17.6
-- Dumped by pg_dump version 17.9

SET statement_timeout = 0;
SET lock_timeout = 0;
SET idle_in_transaction_session_timeout = 0;
SET transaction_timeout = 0;
SET client_encoding = 'UTF8';
SET standard_conforming_strings = on;
SELECT pg_catalog.set_config('search_path', '', false);
SET check_function_bodies = false;
SET xmloption = content;
SET client_min_messages = warning;
SET row_security = off;

--
-- Data for Name: tenants; Type: TABLE DATA; Schema: public; Owner: -
--

INSERT INTO "public"."tenants" ("id", "slug", "name", "active", "plan", "created_at", "primary_color", "primary_glow_color", "secondary_color", "status", "due_date", "last_payment_at", "monthly_price", "owner_name", "owner_phone", "owner_email", "blocked_grace_days") VALUES ('00000000-0000-0000-0000-000000000001', 'dom-amorim', 'Barbearia Dom Amorim', true, 'basic', '2026-05-20 23:07:23.094392+00', '#d4a64a', '#f0c674', '#0a0a0a', 'active', '2026-06-21', NULL, 99, NULL, NULL, NULL, 7);
INSERT INTO "public"."tenants" ("id", "slug", "name", "active", "plan", "created_at", "primary_color", "primary_glow_color", "secondary_color", "status", "due_date", "last_payment_at", "monthly_price", "owner_name", "owner_phone", "owner_email", "blocked_grace_days") VALUES ('00000000-0000-0000-0000-000000000002', 'studio-nails', 'Studio Nails', true, 'basic', '2026-05-20 23:32:49.964439+00', '#ec4899', '#f9a8d4', '#ffffff', 'active', '2026-06-21', NULL, 99, NULL, NULL, NULL, 7);


--
-- Data for Name: audit_logs; Type: TABLE DATA; Schema: public; Owner: -
--



--
-- Data for Name: availability; Type: TABLE DATA; Schema: public; Owner: -
--

INSERT INTO "public"."availability" ("id", "open_time", "close_time", "days_enabled", "lunch_start", "lunch_end", "min_lead_min", "max_future_days", "require_pro_selection", "business_name", "address", "maps_url", "whatsapp_url", "instagram_url", "updated_at", "lunch_enabled", "min_lead_enabled", "cancel_min_lead_enabled", "cancel_min_lead_min", "facebook_url", "logo_url", "tenant_id") VALUES (1, '08:00:00', '18:00:00', '{f,t,t,t,t,t,f}', '12:00:00', '13:30:00', 0, 60, true, 'Barbearia Dom Amorim', NULL, NULL, NULL, NULL, '2026-05-13 14:16:18.497616+00', true, true, true, 60, NULL, 'https://oaygouigevynbsexxdzw.supabase.co/storage/v1/object/public/service-photos/business/logo-1779204398176.jpg', '00000000-0000-0000-0000-000000000001');
INSERT INTO "public"."availability" ("id", "open_time", "close_time", "days_enabled", "lunch_start", "lunch_end", "min_lead_min", "max_future_days", "require_pro_selection", "business_name", "address", "maps_url", "whatsapp_url", "instagram_url", "updated_at", "lunch_enabled", "min_lead_enabled", "cancel_min_lead_enabled", "cancel_min_lead_min", "facebook_url", "logo_url", "tenant_id") VALUES (5, '08:00:00', '21:00:00', '{f,t,t,t,t,t,f}', '12:00:00', '13:30:00', 30, 60, true, 'Studio Nails', NULL, NULL, NULL, NULL, '2026-05-20 23:32:49.964439+00', true, true, true, 60, NULL, 'https://oaygouigevynbsexxdzw.supabase.co/storage/v1/object/public/service-photos/business/logo-1779326542105.webp', '00000000-0000-0000-0000-000000000002');


--
-- Data for Name: blocked_dates; Type: TABLE DATA; Schema: public; Owner: -
--



--
-- Data for Name: professionals; Type: TABLE DATA; Schema: public; Owner: -
--

INSERT INTO "public"."professionals" ("id", "user_id", "name", "role", "photo_url", "active", "sort_order", "created_at", "tenant_id") VALUES ('8375bf41-f6e9-47fb-bcae-7b926c539665', 'ce8fa5a4-9bad-46e8-98c6-c99b48e7c27e', 'Rodrigo', 'Barbeiro', 'https://oaygouigevynbsexxdzw.supabase.co/storage/v1/object/public/service-photos/professionals/pro-1779209554865.jpeg', true, 0, '2026-05-17 21:05:34.641236+00', '00000000-0000-0000-0000-000000000001');
INSERT INTO "public"."professionals" ("id", "user_id", "name", "role", "photo_url", "active", "sort_order", "created_at", "tenant_id") VALUES ('64707ae2-2aa7-4925-b8d0-5940809dc7b3', NULL, 'Ronielson', 'Barber', 'https://oaygouigevynbsexxdzw.supabase.co/storage/v1/object/public/service-photos/professionals/pro-1779209789374.png', true, 1, '2026-05-13 14:16:18.497616+00', '00000000-0000-0000-0000-000000000001');
INSERT INTO "public"."professionals" ("id", "user_id", "name", "role", "photo_url", "active", "sort_order", "created_at", "tenant_id") VALUES ('58ca8674-abcc-4cc3-b02f-3d839fe4c14e', NULL, 'Elias sena', 'Mestre da navalha', 'https://oaygouigevynbsexxdzw.supabase.co/storage/v1/object/public/service-photos/professionals/pro-1779334917263.png', true, 2, '2026-05-13 14:16:18.497616+00', '00000000-0000-0000-0000-000000000001');
INSERT INTO "public"."professionals" ("id", "user_id", "name", "role", "photo_url", "active", "sort_order", "created_at", "tenant_id") VALUES ('d7f29674-698a-4bd0-be34-83ed67374abd', '05d39787-a81c-440b-9753-c16ad27c80e2', 'Gaby sena', 'Unhas', 'https://oaygouigevynbsexxdzw.supabase.co/storage/v1/object/public/service-photos/professionals/pro-1779372569856.png', true, 0, '2026-05-21 01:23:04.796908+00', '00000000-0000-0000-0000-000000000002');


--
-- Data for Name: services; Type: TABLE DATA; Schema: public; Owner: -
--

INSERT INTO "public"."services" ("id", "name", "duration_min", "price", "emoji", "photo_url", "active", "sort_order", "promo_pct", "promo_starts_at", "promo_ends_at", "created_at", "description", "tenant_id") VALUES ('fc1708c4-496b-40a2-ab1a-67626f12f672', 'Novo serviço com foto', 30, 500.00, '✂️', 'https://oaygouigevynbsexxdzw.supabase.co/storage/v1/object/public/service-photos/fc1708c4-496b-40a2-ab1a-67626f12f672/1779202656247.png', false, 0, NULL, NULL, NULL, '2026-05-16 21:46:03.925364+00', NULL, '00000000-0000-0000-0000-000000000001');
INSERT INTO "public"."services" ("id", "name", "duration_min", "price", "emoji", "photo_url", "active", "sort_order", "promo_pct", "promo_starts_at", "promo_ends_at", "created_at", "description", "tenant_id") VALUES ('492bd08a-73e9-4a25-a2cb-17a0eac50dd6', 'Corte + Barba', 75, 95.00, '💈', 'https://oaygouigevynbsexxdzw.supabase.co/storage/v1/object/public/service-photos/492bd08a-73e9-4a25-a2cb-17a0eac50dd6/1779205497460.jpg', true, 3, NULL, NULL, NULL, '2026-05-13 14:16:18.497616+00', 'Corte moderno com barba alinhada e acabamento profissional', '00000000-0000-0000-0000-000000000001');
INSERT INTO "public"."services" ("id", "name", "duration_min", "price", "emoji", "photo_url", "active", "sort_order", "promo_pct", "promo_starts_at", "promo_ends_at", "created_at", "description", "tenant_id") VALUES ('7a846743-272e-453b-af3f-f824ea6d5af6', 'Barba Completa', 30, 45.00, '🪒', 'https://oaygouigevynbsexxdzw.supabase.co/storage/v1/object/public/service-photos/7a846743-272e-453b-af3f-f824ea6d5af6/1779205931550.jpg', true, 2, NULL, NULL, NULL, '2026-05-13 14:16:18.497616+00', 'Barba alinhada com acabamento profissional', '00000000-0000-0000-0000-000000000001');
INSERT INTO "public"."services" ("id", "name", "duration_min", "price", "emoji", "photo_url", "active", "sort_order", "promo_pct", "promo_starts_at", "promo_ends_at", "created_at", "description", "tenant_id") VALUES ('1464c98d-364f-4ffe-9425-f001ae313a8f', 'Corte Masculino', 45, 60.00, '✂️', 'https://oaygouigevynbsexxdzw.supabase.co/storage/v1/object/public/service-photos/1464c98d-364f-4ffe-9425-f001ae313a8f/1779206077891.jpg', true, 1, NULL, NULL, NULL, '2026-05-13 14:16:18.497616+00', 'Qualquer tipo de corte com acabamento profissional', '00000000-0000-0000-0000-000000000001');
INSERT INTO "public"."services" ("id", "name", "duration_min", "price", "emoji", "photo_url", "active", "sort_order", "promo_pct", "promo_starts_at", "promo_ends_at", "created_at", "description", "tenant_id") VALUES ('3c285990-a3eb-4fe2-9b97-a5429142b665', 'Pigmentação', 40, 80.00, '🎨', 'https://oaygouigevynbsexxdzw.supabase.co/storage/v1/object/public/service-photos/3c285990-a3eb-4fe2-9b97-a5429142b665/1779206267295.jpg', true, 4, NULL, NULL, NULL, '2026-05-13 14:16:18.497616+00', 'Pigmentação para realçar a barba, pezinho tudo com acabamento profissional', '00000000-0000-0000-0000-000000000001');
INSERT INTO "public"."services" ("id", "name", "duration_min", "price", "emoji", "photo_url", "active", "sort_order", "promo_pct", "promo_starts_at", "promo_ends_at", "created_at", "description", "tenant_id") VALUES ('2b2233f3-b766-4b94-9e97-1f7ee679d5f4', 'Sobrancelha', 15, 32.00, '👁', 'https://oaygouigevynbsexxdzw.supabase.co/storage/v1/object/public/service-photos/2b2233f3-b766-4b94-9e97-1f7ee679d5f4/1779206444556.jpg', true, 5, NULL, NULL, NULL, '2026-05-13 14:16:18.497616+00', 'Sobrancelha detalhada com ou sem pigmentação com acabamento profissional', '00000000-0000-0000-0000-000000000001');
INSERT INTO "public"."services" ("id", "name", "duration_min", "price", "emoji", "photo_url", "active", "sort_order", "promo_pct", "promo_starts_at", "promo_ends_at", "created_at", "description", "tenant_id") VALUES ('730c7ded-4724-4dc5-9a07-17c7bdca026a', 'Unha de gel', 60, 95.00, '✂️', 'https://oaygouigevynbsexxdzw.supabase.co/storage/v1/object/public/service-photos/new/1779326621225.webp', true, 0, NULL, NULL, NULL, '2026-05-21 01:23:49.21214+00', 'Acabamento premium', '00000000-0000-0000-0000-000000000002');
INSERT INTO "public"."services" ("id", "name", "duration_min", "price", "emoji", "photo_url", "active", "sort_order", "promo_pct", "promo_starts_at", "promo_ends_at", "created_at", "description", "tenant_id") VALUES ('47347895-dc26-4c84-b7f9-1756bb9f727d', 'Limpar e pintar', 30, 50.00, '✂️', 'https://oaygouigevynbsexxdzw.supabase.co/storage/v1/object/public/service-photos/new/1779483403016.webp', true, 0, NULL, NULL, NULL, '2026-05-22 20:57:22.277768+00', 'Qualquer cor', '00000000-0000-0000-0000-000000000002');


--
-- Data for Name: bookings; Type: TABLE DATA; Schema: public; Owner: -
--

INSERT INTO "public"."bookings" ("id", "client_name", "whatsapp", "email", "professional_id", "service_id", "service_name", "professional_name", "date", "time", "duration_min", "price", "status", "user_id", "created_at", "client_name_snapshot", "tenant_id") VALUES ('13368f27-5b06-4919-93ab-fa2063815a91', 'Elias', '11970160720', 'elias@gmail.com', '64707ae2-2aa7-4925-b8d0-5940809dc7b3', '7a846743-272e-453b-af3f-f824ea6d5af6', 'Barba Completa', 'Ronielson', '2026-05-16', '18:30:00', 30, 45.00, 'cancelled', NULL, '2026-05-16 20:48:51.649065+00', 'Elias', '00000000-0000-0000-0000-000000000001');
INSERT INTO "public"."bookings" ("id", "client_name", "whatsapp", "email", "professional_id", "service_id", "service_name", "professional_name", "date", "time", "duration_min", "price", "status", "user_id", "created_at", "client_name_snapshot", "tenant_id") VALUES ('3ab2b232-ce96-479b-af34-fdbb906aee32', 'Elias', '11970160720', 'elias@gmail.com', '64707ae2-2aa7-4925-b8d0-5940809dc7b3', 'fc1708c4-496b-40a2-ab1a-67626f12f672', 'Teste criação de serviço', 'Ronielson', '2026-05-17', '08:00:00', 30, 500000.00, 'confirmed', NULL, '2026-05-16 21:54:58.46847+00', 'Elias', '00000000-0000-0000-0000-000000000001');
INSERT INTO "public"."bookings" ("id", "client_name", "whatsapp", "email", "professional_id", "service_id", "service_name", "professional_name", "date", "time", "duration_min", "price", "status", "user_id", "created_at", "client_name_snapshot", "tenant_id") VALUES ('82aed23b-6980-4272-b381-fdfdb47e511c', 'Gaby ', '11947900885', 'gabysena29@icloud.com', '58ca8674-abcc-4cc3-b02f-3d839fe4c14e', '2b2233f3-b766-4b94-9e97-1f7ee679d5f4', 'Sobrancelha editada', 'Lucas', '2026-05-29', '16:30:00', 30, 32.00, 'confirmed', NULL, '2026-05-17 14:09:37.824985+00', 'Gaby', '00000000-0000-0000-0000-000000000001');
INSERT INTO "public"."bookings" ("id", "client_name", "whatsapp", "email", "professional_id", "service_id", "service_name", "professional_name", "date", "time", "duration_min", "price", "status", "user_id", "created_at", "client_name_snapshot", "tenant_id") VALUES ('55bc4de5-6e63-499f-936b-e12c9b354a2a', 'Elias', '11970160720', 'elias@gmail.com', '8375bf41-f6e9-47fb-bcae-7b926c539665', 'fc1708c4-496b-40a2-ab1a-67626f12f672', 'Teste criação de serviço', 'Elias', '2026-05-18', '08:00:00', 30, 500000.00, 'confirmed', NULL, '2026-05-17 22:31:39.930493+00', 'Elias', '00000000-0000-0000-0000-000000000001');
INSERT INTO "public"."bookings" ("id", "client_name", "whatsapp", "email", "professional_id", "service_id", "service_name", "professional_name", "date", "time", "duration_min", "price", "status", "user_id", "created_at", "client_name_snapshot", "tenant_id") VALUES ('2cdaed19-a4c3-4b11-87fd-bb37b3890af8', 'Elias', '11970160720', NULL, '8375bf41-f6e9-47fb-bcae-7b926c539665', '1464c98d-364f-4ffe-9425-f001ae313a8f', 'Corte Masculino', 'Elias', '2026-05-20', '08:00:00', 60, 60.00, 'confirmed', NULL, '2026-05-19 04:41:37.598145+00', 'Elias', '00000000-0000-0000-0000-000000000001');
INSERT INTO "public"."bookings" ("id", "client_name", "whatsapp", "email", "professional_id", "service_id", "service_name", "professional_name", "date", "time", "duration_min", "price", "status", "user_id", "created_at", "client_name_snapshot", "tenant_id") VALUES ('5078666a-961c-47f1-9072-0701b780b192', 'Elias', '11970160720', NULL, '8375bf41-f6e9-47fb-bcae-7b926c539665', 'fc1708c4-496b-40a2-ab1a-67626f12f672', 'Novo serviço com foto', 'Elias', '2026-05-19', '13:30:00', 30, 500.00, 'confirmed', NULL, '2026-05-19 14:56:32.13065+00', 'Elias', '00000000-0000-0000-0000-000000000001');
INSERT INTO "public"."bookings" ("id", "client_name", "whatsapp", "email", "professional_id", "service_id", "service_name", "professional_name", "date", "time", "duration_min", "price", "status", "user_id", "created_at", "client_name_snapshot", "tenant_id") VALUES ('d70d04db-7d5f-48b5-87e3-61bf2c70438f', 'Elias', '11970160720', 'elias@gmail.com', '64707ae2-2aa7-4925-b8d0-5940809dc7b3', 'fc1708c4-496b-40a2-ab1a-67626f12f672', 'Novo serviço com foto', 'Ronielson', '2026-05-19', '13:30:00', 30, 500.00, 'confirmed', NULL, '2026-05-19 14:58:00.678321+00', 'Elias', '00000000-0000-0000-0000-000000000001');
INSERT INTO "public"."bookings" ("id", "client_name", "whatsapp", "email", "professional_id", "service_id", "service_name", "professional_name", "date", "time", "duration_min", "price", "status", "user_id", "created_at", "client_name_snapshot", "tenant_id") VALUES ('52171534-1f8e-4e13-ab48-c36d03718b01', 'Geni', '99999999999', 'leandrosilveira2504@gmail.com', '8375bf41-f6e9-47fb-bcae-7b926c539665', '492bd08a-73e9-4a25-a2cb-17a0eac50dd6', 'Corte + Barba', 'Rodrigo', '2026-05-19', '15:30:00', 90, 95.00, 'cancelled', NULL, '2026-05-19 15:35:26.972234+00', 'Geni', '00000000-0000-0000-0000-000000000001');
INSERT INTO "public"."bookings" ("id", "client_name", "whatsapp", "email", "professional_id", "service_id", "service_name", "professional_name", "date", "time", "duration_min", "price", "status", "user_id", "created_at", "client_name_snapshot", "tenant_id") VALUES ('d904818d-93dd-42c9-9f7d-892b8335b6c5', 'Geni', '99999999999', NULL, '8375bf41-f6e9-47fb-bcae-7b926c539665', '2b2233f3-b766-4b94-9e97-1f7ee679d5f4', 'Sobrancelha editada', 'Rodrigo', '2026-05-19', '15:30:00', 30, 32.00, 'confirmed', NULL, '2026-05-19 15:36:22.327152+00', 'Geni', '00000000-0000-0000-0000-000000000001');
INSERT INTO "public"."bookings" ("id", "client_name", "whatsapp", "email", "professional_id", "service_id", "service_name", "professional_name", "date", "time", "duration_min", "price", "status", "user_id", "created_at", "client_name_snapshot", "tenant_id") VALUES ('661e2d2b-f29a-4e8b-8085-45e2b5a7be3d', 'Leandro ', '99999999999', NULL, '8375bf41-f6e9-47fb-bcae-7b926c539665', '7a846743-272e-453b-af3f-f824ea6d5af6', 'Barba Completa', 'Rodrigo', '2026-05-21', '16:00:00', 30, 45.00, 'cancelled', NULL, '2026-05-19 16:09:34.843822+00', 'Leandro', '00000000-0000-0000-0000-000000000001');
INSERT INTO "public"."bookings" ("id", "client_name", "whatsapp", "email", "professional_id", "service_id", "service_name", "professional_name", "date", "time", "duration_min", "price", "status", "user_id", "created_at", "client_name_snapshot", "tenant_id") VALUES ('6663bc5a-1ab0-4f6f-8956-b206aaf0ad2a', 'Antony', '1154744444', NULL, '64707ae2-2aa7-4925-b8d0-5940809dc7b3', '1464c98d-364f-4ffe-9425-f001ae313a8f', 'Corte Masculino', 'Ronielson', '2026-05-22', '14:30:00', 60, 60.00, 'confirmed', NULL, '2026-05-19 17:01:01.613004+00', 'Antony', '00000000-0000-0000-0000-000000000001');
INSERT INTO "public"."bookings" ("id", "client_name", "whatsapp", "email", "professional_id", "service_id", "service_name", "professional_name", "date", "time", "duration_min", "price", "status", "user_id", "created_at", "client_name_snapshot", "tenant_id") VALUES ('c7036738-1092-4fa4-9c19-6e4e10dabbf5', 'elias', '11970160720', NULL, '58ca8674-abcc-4cc3-b02f-3d839fe4c14e', '2b2233f3-b766-4b94-9e97-1f7ee679d5f4', 'Sobrancelha', 'Elias', '2026-05-19', '17:30:00', 30, 32.00, 'confirmed', NULL, '2026-05-19 18:03:02.840817+00', 'elias', '00000000-0000-0000-0000-000000000001');
INSERT INTO "public"."bookings" ("id", "client_name", "whatsapp", "email", "professional_id", "service_id", "service_name", "professional_name", "date", "time", "duration_min", "price", "status", "user_id", "created_at", "client_name_snapshot", "tenant_id") VALUES ('150e32b2-0dd1-448c-b51a-426b85642503', 'Elias', '11970160720', 'elias@gmail.com', '8375bf41-f6e9-47fb-bcae-7b926c539665', '1464c98d-364f-4ffe-9425-f001ae313a8f', 'Corte Masculino', 'Rodrigo', '2026-05-20', '09:00:00', 60, 60.00, 'confirmed', NULL, '2026-05-19 18:20:31.218311+00', 'Elias', '00000000-0000-0000-0000-000000000001');
INSERT INTO "public"."bookings" ("id", "client_name", "whatsapp", "email", "professional_id", "service_id", "service_name", "professional_name", "date", "time", "duration_min", "price", "status", "user_id", "created_at", "client_name_snapshot", "tenant_id") VALUES ('a56b95cd-389b-4bc8-b288-bd755d76cdff', 'elias', '1199999999', NULL, '8375bf41-f6e9-47fb-bcae-7b926c539665', '1464c98d-364f-4ffe-9425-f001ae313a8f', 'Corte Masculino', 'Rodrigo', '2026-05-20', '10:00:00', 60, 60.00, 'confirmed', NULL, '2026-05-19 18:28:37.037937+00', 'elias', '00000000-0000-0000-0000-000000000001');
INSERT INTO "public"."bookings" ("id", "client_name", "whatsapp", "email", "professional_id", "service_id", "service_name", "professional_name", "date", "time", "duration_min", "price", "status", "user_id", "created_at", "client_name_snapshot", "tenant_id") VALUES ('8ae4b716-4eac-4d57-920e-74a8469a007f', 'Elias', '11970160720', NULL, '8375bf41-f6e9-47fb-bcae-7b926c539665', '1464c98d-364f-4ffe-9425-f001ae313a8f', 'Corte Masculino', 'Rodrigo', '2026-05-20', '11:00:00', 60, 60.00, 'confirmed', NULL, '2026-05-19 20:20:16.474727+00', 'Elias', '00000000-0000-0000-0000-000000000001');
INSERT INTO "public"."bookings" ("id", "client_name", "whatsapp", "email", "professional_id", "service_id", "service_name", "professional_name", "date", "time", "duration_min", "price", "status", "user_id", "created_at", "client_name_snapshot", "tenant_id") VALUES ('9fbfceae-9a14-4c54-bbbd-59db8fcd3b29', 'Dom', '1170560683', NULL, '8375bf41-f6e9-47fb-bcae-7b926c539665', '492bd08a-73e9-4a25-a2cb-17a0eac50dd6', 'Corte + Barba', 'Rodrigo', '2026-05-20', '13:30:00', 90, 95.00, 'confirmed', NULL, '2026-05-19 20:23:31.457016+00', 'Dom', '00000000-0000-0000-0000-000000000001');
INSERT INTO "public"."bookings" ("id", "client_name", "whatsapp", "email", "professional_id", "service_id", "service_name", "professional_name", "date", "time", "duration_min", "price", "status", "user_id", "created_at", "client_name_snapshot", "tenant_id") VALUES ('502af725-0c89-4911-a127-d4e5d9ce4cce', 'Teste', '99999999999', NULL, '8375bf41-f6e9-47fb-bcae-7b926c539665', '1464c98d-364f-4ffe-9425-f001ae313a8f', 'Corte Masculino', 'Rodrigo', '2026-06-16', '15:30:00', 60, 60.00, 'confirmed', NULL, '2026-05-20 13:32:58.305668+00', 'Teste', '00000000-0000-0000-0000-000000000001');
INSERT INTO "public"."bookings" ("id", "client_name", "whatsapp", "email", "professional_id", "service_id", "service_name", "professional_name", "date", "time", "duration_min", "price", "status", "user_id", "created_at", "client_name_snapshot", "tenant_id") VALUES ('50ace8c6-f400-4e22-ac96-4424c24432ce', 'Elias', '11970160720', NULL, '8375bf41-f6e9-47fb-bcae-7b926c539665', '1464c98d-364f-4ffe-9425-f001ae313a8f', 'Corte Masculino', 'Rodrigo', '2026-05-21', '08:00:00', 60, 60.00, 'confirmed', NULL, '2026-05-20 20:31:13.827046+00', 'Elias', '00000000-0000-0000-0000-000000000001');
INSERT INTO "public"."bookings" ("id", "client_name", "whatsapp", "email", "professional_id", "service_id", "service_name", "professional_name", "date", "time", "duration_min", "price", "status", "user_id", "created_at", "client_name_snapshot", "tenant_id") VALUES ('8009f8bd-e21f-40a8-9e0e-586be93910d5', 'elias', '1199999999', NULL, '8375bf41-f6e9-47fb-bcae-7b926c539665', '1464c98d-364f-4ffe-9425-f001ae313a8f', 'Corte Masculino', 'Rodrigo', '2026-05-21', '09:00:00', 60, 60.00, 'confirmed', NULL, '2026-05-20 23:19:55.596817+00', 'elias', '00000000-0000-0000-0000-000000000001');
INSERT INTO "public"."bookings" ("id", "client_name", "whatsapp", "email", "professional_id", "service_id", "service_name", "professional_name", "date", "time", "duration_min", "price", "status", "user_id", "created_at", "client_name_snapshot", "tenant_id") VALUES ('f44a1b1d-3987-4740-a3b6-401af35f0c77', 'Elias', '11970160720', NULL, 'd7f29674-698a-4bd0-be34-83ed67374abd', '730c7ded-4724-4dc5-9a07-17c7bdca026a', 'Unha de gel', 'Gaby', '2026-05-20', '08:00:00', 30, 50.00, 'confirmed', NULL, '2026-05-21 01:24:53.177913+00', 'Elias', '00000000-0000-0000-0000-000000000002');
INSERT INTO "public"."bookings" ("id", "client_name", "whatsapp", "email", "professional_id", "service_id", "service_name", "professional_name", "date", "time", "duration_min", "price", "status", "user_id", "created_at", "client_name_snapshot", "tenant_id") VALUES ('b0870c89-a393-40ab-95ad-e10814a3c0b5', 'Elias', '11970160720', NULL, '8375bf41-f6e9-47fb-bcae-7b926c539665', '1464c98d-364f-4ffe-9425-f001ae313a8f', 'Corte Masculino', 'Rodrigo', '2026-05-20', '15:00:00', 60, 60.00, 'confirmed', NULL, '2026-05-21 01:25:34.884277+00', 'Elias', '00000000-0000-0000-0000-000000000001');
INSERT INTO "public"."bookings" ("id", "client_name", "whatsapp", "email", "professional_id", "service_id", "service_name", "professional_name", "date", "time", "duration_min", "price", "status", "user_id", "created_at", "client_name_snapshot", "tenant_id") VALUES ('dcb79940-188a-4b54-a35c-d6bc85e0b4fb', 'Elias', '11970160720', NULL, 'd7f29674-698a-4bd0-be34-83ed67374abd', '730c7ded-4724-4dc5-9a07-17c7bdca026a', 'Unha de gel', 'Gaby', '2026-05-21', '08:00:00', 30, 50.00, 'confirmed', NULL, '2026-05-21 02:05:19.099406+00', 'Elias', '00000000-0000-0000-0000-000000000002');
INSERT INTO "public"."bookings" ("id", "client_name", "whatsapp", "email", "professional_id", "service_id", "service_name", "professional_name", "date", "time", "duration_min", "price", "status", "user_id", "created_at", "client_name_snapshot", "tenant_id") VALUES ('ad0e798c-8691-4dd2-b045-38b7a25ae1f4', 'Gaby', '11970160720', NULL, 'd7f29674-698a-4bd0-be34-83ed67374abd', '730c7ded-4724-4dc5-9a07-17c7bdca026a', 'Unha de gel', 'Gaby', '2026-05-21', '08:30:00', 30, 50.00, 'confirmed', NULL, '2026-05-21 02:50:26.256282+00', 'Gaby', '00000000-0000-0000-0000-000000000002');
INSERT INTO "public"."bookings" ("id", "client_name", "whatsapp", "email", "professional_id", "service_id", "service_name", "professional_name", "date", "time", "duration_min", "price", "status", "user_id", "created_at", "client_name_snapshot", "tenant_id") VALUES ('6423f2a5-a61d-420e-9bba-ea605a2c89f4', 'Elias', '11970160720', NULL, 'd7f29674-698a-4bd0-be34-83ed67374abd', '730c7ded-4724-4dc5-9a07-17c7bdca026a', 'Unha de gel', 'Gaby', '2026-05-22', '08:30:00', 30, 50.00, 'confirmed', NULL, '2026-05-21 02:55:46.108863+00', 'Elias sena', '00000000-0000-0000-0000-000000000002');
INSERT INTO "public"."bookings" ("id", "client_name", "whatsapp", "email", "professional_id", "service_id", "service_name", "professional_name", "date", "time", "duration_min", "price", "status", "user_id", "created_at", "client_name_snapshot", "tenant_id") VALUES ('a703a7ef-d093-4963-872c-397fe66d7c31', 'Elias', '11970160720', 'eliasfamiliasena@gmail.com', '58ca8674-abcc-4cc3-b02f-3d839fe4c14e', '7a846743-272e-453b-af3f-f824ea6d5af6', 'Barba Completa', 'Lucas', '2026-07-14', '09:00:00', 30, 45.00, 'cancelled', NULL, '2026-05-15 21:06:37.124566+00', NULL, '00000000-0000-0000-0000-000000000001');
INSERT INTO "public"."bookings" ("id", "client_name", "whatsapp", "email", "professional_id", "service_id", "service_name", "professional_name", "date", "time", "duration_min", "price", "status", "user_id", "created_at", "client_name_snapshot", "tenant_id") VALUES ('b0f3c4a8-e19d-40e6-b38a-7fdccbe52a67', 'elias', '11999999999', NULL, 'd7f29674-698a-4bd0-be34-83ed67374abd', '730c7ded-4724-4dc5-9a07-17c7bdca026a', 'Unha de gel', 'Gaby sena', '2026-05-21', '11:30:00', 30, 50.00, 'confirmed', NULL, '2026-05-21 13:38:07.979535+00', 'elias', '00000000-0000-0000-0000-000000000002');
INSERT INTO "public"."bookings" ("id", "client_name", "whatsapp", "email", "professional_id", "service_id", "service_name", "professional_name", "date", "time", "duration_min", "price", "status", "user_id", "created_at", "client_name_snapshot", "tenant_id") VALUES ('aab47a06-753a-43c6-922f-49232ab2eb24', 'Leandro ', '99999999999', NULL, '8375bf41-f6e9-47fb-bcae-7b926c539665', '1464c98d-364f-4ffe-9425-f001ae313a8f', 'Corte Masculino', 'Rodrigo', '2026-05-21', '11:30:00', 60, 60.00, 'confirmed', NULL, '2026-05-21 14:34:35.894702+00', 'Leandro', '00000000-0000-0000-0000-000000000001');
INSERT INTO "public"."bookings" ("id", "client_name", "whatsapp", "email", "professional_id", "service_id", "service_name", "professional_name", "date", "time", "duration_min", "price", "status", "user_id", "created_at", "client_name_snapshot", "tenant_id") VALUES ('3a4a35d5-87a8-453d-85d5-bc43342d3fbe', 'Elias', '11970160720', NULL, '8375bf41-f6e9-47fb-bcae-7b926c539665', '1464c98d-364f-4ffe-9425-f001ae313a8f', 'Corte Masculino', 'Rodrigo', '2026-05-22', '08:00:00', 60, 60.00, 'confirmed', NULL, '2026-05-21 22:31:38.893868+00', 'Elias', '00000000-0000-0000-0000-000000000001');
INSERT INTO "public"."bookings" ("id", "client_name", "whatsapp", "email", "professional_id", "service_id", "service_name", "professional_name", "date", "time", "duration_min", "price", "status", "user_id", "created_at", "client_name_snapshot", "tenant_id") VALUES ('1a533b4a-6fd4-42ba-bbab-b649fcc9ae10', 'elias', '1199999999', NULL, 'd7f29674-698a-4bd0-be34-83ed67374abd', '730c7ded-4724-4dc5-9a07-17c7bdca026a', 'Unha de gel', 'Gaby sena', '2026-05-22', '09:00:00', 60, 80.00, 'confirmed', NULL, '2026-05-21 22:36:51.816119+00', 'elias', '00000000-0000-0000-0000-000000000002');
INSERT INTO "public"."bookings" ("id", "client_name", "whatsapp", "email", "professional_id", "service_id", "service_name", "professional_name", "date", "time", "duration_min", "price", "status", "user_id", "created_at", "client_name_snapshot", "tenant_id") VALUES ('fb738fbd-0d43-4e28-9d12-20d28b185f45', 'elias', '11970160720', NULL, '8375bf41-f6e9-47fb-bcae-7b926c539665', '1464c98d-364f-4ffe-9425-f001ae313a8f', 'Corte Masculino', 'Rodrigo', '2026-05-22', '09:00:00', 60, 60.00, 'confirmed', NULL, '2026-05-21 22:44:55.455968+00', 'elias', '00000000-0000-0000-0000-000000000001');
INSERT INTO "public"."bookings" ("id", "client_name", "whatsapp", "email", "professional_id", "service_id", "service_name", "professional_name", "date", "time", "duration_min", "price", "status", "user_id", "created_at", "client_name_snapshot", "tenant_id") VALUES ('c6060ba0-774e-4dd4-96f1-4da236cb980f', 'elias', '1199999999', NULL, 'd7f29674-698a-4bd0-be34-83ed67374abd', '730c7ded-4724-4dc5-9a07-17c7bdca026a', 'Unha de gel', 'Gaby sena', '2026-05-22', '10:00:00', 60, 80.00, 'confirmed', NULL, '2026-05-21 22:59:04.946002+00', 'elias', '00000000-0000-0000-0000-000000000002');
INSERT INTO "public"."bookings" ("id", "client_name", "whatsapp", "email", "professional_id", "service_id", "service_name", "professional_name", "date", "time", "duration_min", "price", "status", "user_id", "created_at", "client_name_snapshot", "tenant_id") VALUES ('7b217a1c-0cac-4243-9a2d-6e21207258e2', 'Elias', '19965885555', 'teste@gmail.com', 'd7f29674-698a-4bd0-be34-83ed67374abd', '730c7ded-4724-4dc5-9a07-17c7bdca026a', 'Unha de gel', 'Gaby', '2026-05-21', '16:00:00', 30, 50.00, 'cancelled', NULL, '2026-05-21 02:52:07.957258+00', 'Elias', '00000000-0000-0000-0000-000000000002');
INSERT INTO "public"."bookings" ("id", "client_name", "whatsapp", "email", "professional_id", "service_id", "service_name", "professional_name", "date", "time", "duration_min", "price", "status", "user_id", "created_at", "client_name_snapshot", "tenant_id") VALUES ('3dd0ad05-b8bb-4b7b-8cef-c59c4045a6d5', 'elias', '11970160720', NULL, 'd7f29674-698a-4bd0-be34-83ed67374abd', '730c7ded-4724-4dc5-9a07-17c7bdca026a', 'Pintar', 'Gaby sena', '2026-05-22', '11:00:00', 60, 20.00, 'cancelled', NULL, '2026-05-21 23:48:18.672483+00', 'elias', '00000000-0000-0000-0000-000000000002');
INSERT INTO "public"."bookings" ("id", "client_name", "whatsapp", "email", "professional_id", "service_id", "service_name", "professional_name", "date", "time", "duration_min", "price", "status", "user_id", "created_at", "client_name_snapshot", "tenant_id") VALUES ('db6a23a5-be45-4241-a018-2c1d9445c298', 'Le', '11949625862', NULL, '8375bf41-f6e9-47fb-bcae-7b926c539665', '2b2233f3-b766-4b94-9e97-1f7ee679d5f4', 'Sobrancelha', 'Rodrigo', '2026-05-25', '14:30:00', 30, 32.00, 'cancelled', NULL, '2026-05-21 23:49:26.321056+00', 'Le', '00000000-0000-0000-0000-000000000001');
INSERT INTO "public"."bookings" ("id", "client_name", "whatsapp", "email", "professional_id", "service_id", "service_name", "professional_name", "date", "time", "duration_min", "price", "status", "user_id", "created_at", "client_name_snapshot", "tenant_id") VALUES ('a4d542dd-d1c3-41ed-ba54-da1e3e4702e9', 'elias', '11970160720', NULL, 'd7f29674-698a-4bd0-be34-83ed67374abd', '730c7ded-4724-4dc5-9a07-17c7bdca026a', 'Pintar', 'Gaby sena', '2026-05-22', '18:00:00', 60, 20.00, 'cancelled', NULL, '2026-05-21 23:49:25.781514+00', 'elias', '00000000-0000-0000-0000-000000000002');
INSERT INTO "public"."bookings" ("id", "client_name", "whatsapp", "email", "professional_id", "service_id", "service_name", "professional_name", "date", "time", "duration_min", "price", "status", "user_id", "created_at", "client_name_snapshot", "tenant_id") VALUES ('9c0b24e0-dd1c-42a0-9790-576e2a30b073', 'elias', '11970160720', NULL, 'd7f29674-698a-4bd0-be34-83ed67374abd', '730c7ded-4724-4dc5-9a07-17c7bdca026a', 'Pintar', 'Gaby sena', '2026-05-22', '11:30:00', 60, 20.00, 'cancelled', NULL, '2026-05-21 23:50:00.906017+00', 'elias', '00000000-0000-0000-0000-000000000002');
INSERT INTO "public"."bookings" ("id", "client_name", "whatsapp", "email", "professional_id", "service_id", "service_name", "professional_name", "date", "time", "duration_min", "price", "status", "user_id", "created_at", "client_name_snapshot", "tenant_id") VALUES ('d3fca6c9-cc33-4497-85d4-dca4b79ac296', 'Tonhão ', '11949625862', NULL, '64707ae2-2aa7-4925-b8d0-5940809dc7b3', '1464c98d-364f-4ffe-9425-f001ae313a8f', 'Corte Masculino', 'Ronielson', '2026-05-22', '16:30:00', 60, 60.00, 'cancelled', NULL, '2026-05-15 15:18:25.210383+00', NULL, '00000000-0000-0000-0000-000000000001');
INSERT INTO "public"."bookings" ("id", "client_name", "whatsapp", "email", "professional_id", "service_id", "service_name", "professional_name", "date", "time", "duration_min", "price", "status", "user_id", "created_at", "client_name_snapshot", "tenant_id") VALUES ('17445ed5-a752-4809-9ec3-73eda4678480', 'Lê ', '11949625862', NULL, '64707ae2-2aa7-4925-b8d0-5940809dc7b3', '2b2233f3-b766-4b94-9e97-1f7ee679d5f4', 'Sobrancelha', 'Ronielson', '2026-05-27', '16:00:00', 30, 32.00, 'cancelled', NULL, '2026-05-21 23:50:01.432792+00', 'Lê', '00000000-0000-0000-0000-000000000001');
INSERT INTO "public"."bookings" ("id", "client_name", "whatsapp", "email", "professional_id", "service_id", "service_name", "professional_name", "date", "time", "duration_min", "price", "status", "user_id", "created_at", "client_name_snapshot", "tenant_id") VALUES ('b7afc84d-6cb3-4939-a0fb-00a1d45190ec', 'elias', '11970160720', NULL, '8375bf41-f6e9-47fb-bcae-7b926c539665', '1464c98d-364f-4ffe-9425-f001ae313a8f', 'Corte Masculino', 'Rodrigo', '2026-05-22', '10:00:00', 60, 60.00, 'confirmed', NULL, '2026-05-21 23:51:11.852167+00', 'elias', '00000000-0000-0000-0000-000000000001');
INSERT INTO "public"."bookings" ("id", "client_name", "whatsapp", "email", "professional_id", "service_id", "service_name", "professional_name", "date", "time", "duration_min", "price", "status", "user_id", "created_at", "client_name_snapshot", "tenant_id") VALUES ('574ee307-c028-412b-971c-4158ed7ecdaa', 'Leonidas', '1496254211', NULL, '58ca8674-abcc-4cc3-b02f-3d839fe4c14e', '2b2233f3-b766-4b94-9e97-1f7ee679d5f4', 'Sobrancelha', 'Elias', '2026-05-20', '08:30:00', 30, 32.00, 'cancelled', NULL, '2026-05-19 16:59:55.332226+00', 'Leonidas', '00000000-0000-0000-0000-000000000001');
INSERT INTO "public"."bookings" ("id", "client_name", "whatsapp", "email", "professional_id", "service_id", "service_name", "professional_name", "date", "time", "duration_min", "price", "status", "user_id", "created_at", "client_name_snapshot", "tenant_id") VALUES ('b6809e09-8e00-4a6d-998a-f61fea8b4a25', 'elias', '11970160720', NULL, '58ca8674-abcc-4cc3-b02f-3d839fe4c14e', '2b2233f3-b766-4b94-9e97-1f7ee679d5f4', 'Sobrancelha', 'Elias sena', '2026-05-21', '11:00:00', 30, 32.00, 'cancelled', NULL, '2026-05-21 13:36:11.771113+00', 'elias', '00000000-0000-0000-0000-000000000001');
INSERT INTO "public"."bookings" ("id", "client_name", "whatsapp", "email", "professional_id", "service_id", "service_name", "professional_name", "date", "time", "duration_min", "price", "status", "user_id", "created_at", "client_name_snapshot", "tenant_id") VALUES ('21b020e0-5d49-4130-9a56-c372e310b572', 'Leandro', '11999999999', 'elias', '58ca8674-abcc-4cc3-b02f-3d839fe4c14e', '1464c98d-364f-4ffe-9425-f001ae313a8f', 'Corte Masculino', 'Lucas', '2026-05-13', '13:00:00', 60, 60.00, 'confirmed', NULL, '2026-05-13 15:22:52.372538+00', NULL, '00000000-0000-0000-0000-000000000001');
INSERT INTO "public"."bookings" ("id", "client_name", "whatsapp", "email", "professional_id", "service_id", "service_name", "professional_name", "date", "time", "duration_min", "price", "status", "user_id", "created_at", "client_name_snapshot", "tenant_id") VALUES ('67ef20e1-b328-4366-8b61-f20791c0f092', 'Elias', '11900009999', 'teste', '64707ae2-2aa7-4925-b8d0-5940809dc7b3', '2b2233f3-b766-4b94-9e97-1f7ee679d5f4', 'Sobrancelha', 'Ronielson', '2026-06-01', '08:30:00', 30, 25.00, 'cancelled', NULL, '2026-05-14 01:03:13.105467+00', NULL, '00000000-0000-0000-0000-000000000001');
INSERT INTO "public"."bookings" ("id", "client_name", "whatsapp", "email", "professional_id", "service_id", "service_name", "professional_name", "date", "time", "duration_min", "price", "status", "user_id", "created_at", "client_name_snapshot", "tenant_id") VALUES ('fb7cf4b2-27d8-44a6-8d2b-e3a3cffacfe5', 'Teste', '11900009999', 'teste', '58ca8674-abcc-4cc3-b02f-3d839fe4c14e', '492bd08a-73e9-4a25-a2cb-17a0eac50dd6', 'Corte + Barba', 'Lucas', '2026-05-13', '18:30:00', 90, 95.00, 'cancelled', NULL, '2026-05-13 20:52:38.411561+00', NULL, '00000000-0000-0000-0000-000000000001');
INSERT INTO "public"."bookings" ("id", "client_name", "whatsapp", "email", "professional_id", "service_id", "service_name", "professional_name", "date", "time", "duration_min", "price", "status", "user_id", "created_at", "client_name_snapshot", "tenant_id") VALUES ('8b571f72-fade-44e0-b9d0-4e02327b6928', 'Leandro ', '11949625862', NULL, '64707ae2-2aa7-4925-b8d0-5940809dc7b3', '3c285990-a3eb-4fe2-9b97-a5429142b665', 'Pigmentação', 'Ronielson', '2026-05-25', '16:30:00', 60, 80.00, 'cancelled', NULL, '2026-05-14 13:00:25.827349+00', NULL, '00000000-0000-0000-0000-000000000001');
INSERT INTO "public"."bookings" ("id", "client_name", "whatsapp", "email", "professional_id", "service_id", "service_name", "professional_name", "date", "time", "duration_min", "price", "status", "user_id", "created_at", "client_name_snapshot", "tenant_id") VALUES ('53af5219-ae97-4123-89be-314da4af9321', 'Leandro ', '11949625862', NULL, '64707ae2-2aa7-4925-b8d0-5940809dc7b3', '1464c98d-364f-4ffe-9425-f001ae313a8f', 'Corte Masculino', 'Ronielson', '2026-05-21', '12:30:00', 60, 60.00, 'cancelled', NULL, '2026-05-14 15:48:40.584848+00', NULL, '00000000-0000-0000-0000-000000000001');
INSERT INTO "public"."bookings" ("id", "client_name", "whatsapp", "email", "professional_id", "service_id", "service_name", "professional_name", "date", "time", "duration_min", "price", "status", "user_id", "created_at", "client_name_snapshot", "tenant_id") VALUES ('3e687078-747a-4f86-b5bb-77e251135921', 'Tekhhjgvhjjggghjihhgghjjjhgggbhjjhgg', '11949625862', NULL, '64707ae2-2aa7-4925-b8d0-5940809dc7b3', '1464c98d-364f-4ffe-9425-f001ae313a8f', 'Corte Masculino', 'Ronielson', '2026-05-15', '16:30:00', 60, 60.00, 'confirmed', NULL, '2026-05-14 16:25:46.713188+00', NULL, '00000000-0000-0000-0000-000000000001');
INSERT INTO "public"."bookings" ("id", "client_name", "whatsapp", "email", "professional_id", "service_id", "service_name", "professional_name", "date", "time", "duration_min", "price", "status", "user_id", "created_at", "client_name_snapshot", "tenant_id") VALUES ('9e8f676e-e4f4-4d9a-adb6-b93fcbc74a73', 'Rod', '22222222222', 'garotodorole@gmail.com', '64707ae2-2aa7-4925-b8d0-5940809dc7b3', '492bd08a-73e9-4a25-a2cb-17a0eac50dd6', 'Corte + Barba', 'Ronielson', '2026-05-28', '16:00:00', 90, 95.00, 'cancelled', NULL, '2026-05-14 16:38:01.932792+00', NULL, '00000000-0000-0000-0000-000000000001');
INSERT INTO "public"."bookings" ("id", "client_name", "whatsapp", "email", "professional_id", "service_id", "service_name", "professional_name", "date", "time", "duration_min", "price", "status", "user_id", "created_at", "client_name_snapshot", "tenant_id") VALUES ('082419f5-fba3-4a02-88bb-99eaeaa97645', 'Road', '22222222222', NULL, '64707ae2-2aa7-4925-b8d0-5940809dc7b3', '7a846743-272e-453b-af3f-f824ea6d5af6', 'Barba Completa', 'Ronielson', '2026-05-16', '15:00:00', 30, 45.00, 'cancelled', NULL, '2026-05-14 16:26:33.894383+00', NULL, '00000000-0000-0000-0000-000000000001');
INSERT INTO "public"."bookings" ("id", "client_name", "whatsapp", "email", "professional_id", "service_id", "service_name", "professional_name", "date", "time", "duration_min", "price", "status", "user_id", "created_at", "client_name_snapshot", "tenant_id") VALUES ('2bb9c898-e1ad-4d74-874c-c0fdfa9cca3a', 'Rod', '22222222222', NULL, '64707ae2-2aa7-4925-b8d0-5940809dc7b3', '1464c98d-364f-4ffe-9425-f001ae313a8f', 'Corte Masculino', 'Ronielson', '2026-05-15', '15:00:00', 60, 60.00, 'cancelled', NULL, '2026-05-14 16:29:06.565215+00', NULL, '00000000-0000-0000-0000-000000000001');
INSERT INTO "public"."bookings" ("id", "client_name", "whatsapp", "email", "professional_id", "service_id", "service_name", "professional_name", "date", "time", "duration_min", "price", "status", "user_id", "created_at", "client_name_snapshot", "tenant_id") VALUES ('949aa593-16b7-47de-9da5-bd330fac0aed', 'Rod', '22222222222', 'garotodorole@gmail.com', '58ca8674-abcc-4cc3-b02f-3d839fe4c14e', '492bd08a-73e9-4a25-a2cb-17a0eac50dd6', 'Corte + Barba', 'Lucas', '2026-05-16', '14:30:00', 90, 95.00, 'confirmed', NULL, '2026-05-15 14:32:33.11219+00', NULL, '00000000-0000-0000-0000-000000000001');
INSERT INTO "public"."bookings" ("id", "client_name", "whatsapp", "email", "professional_id", "service_id", "service_name", "professional_name", "date", "time", "duration_min", "price", "status", "user_id", "created_at", "client_name_snapshot", "tenant_id") VALUES ('246518c1-b005-4988-9635-ee330c53bb9a', 'Le', '11949625862', NULL, '58ca8674-abcc-4cc3-b02f-3d839fe4c14e', '7a846743-272e-453b-af3f-f824ea6d5af6', 'Barba Completa', 'Lucas', '2026-05-19', '18:30:00', 30, 45.00, 'confirmed', NULL, '2026-05-15 15:11:01.588056+00', NULL, '00000000-0000-0000-0000-000000000001');
INSERT INTO "public"."bookings" ("id", "client_name", "whatsapp", "email", "professional_id", "service_id", "service_name", "professional_name", "date", "time", "duration_min", "price", "status", "user_id", "created_at", "client_name_snapshot", "tenant_id") VALUES ('101693d5-0e58-4e41-9ecd-3eafc3901a81', 'Le', '11949625862', NULL, '58ca8674-abcc-4cc3-b02f-3d839fe4c14e', '1464c98d-364f-4ffe-9425-f001ae313a8f', 'Corte Masculino', 'Lucas', '2026-05-20', '16:00:00', 60, 60.00, 'confirmed', NULL, '2026-05-15 15:14:44.368308+00', NULL, '00000000-0000-0000-0000-000000000001');
INSERT INTO "public"."bookings" ("id", "client_name", "whatsapp", "email", "professional_id", "service_id", "service_name", "professional_name", "date", "time", "duration_min", "price", "status", "user_id", "created_at", "client_name_snapshot", "tenant_id") VALUES ('ed2fd881-f0d6-415e-9669-9e8d68a36c93', 'Le', '11949625862', NULL, '58ca8674-abcc-4cc3-b02f-3d839fe4c14e', '3c285990-a3eb-4fe2-9b97-a5429142b665', 'Pigmentação', 'Lucas', '2026-05-17', '14:00:00', 60, 80.00, 'confirmed', NULL, '2026-05-15 15:15:11.512801+00', NULL, '00000000-0000-0000-0000-000000000001');
INSERT INTO "public"."bookings" ("id", "client_name", "whatsapp", "email", "professional_id", "service_id", "service_name", "professional_name", "date", "time", "duration_min", "price", "status", "user_id", "created_at", "client_name_snapshot", "tenant_id") VALUES ('3fcc9b15-cbe6-4de0-bfa0-4ae36e42f907', 'Le', '11111111111', NULL, '58ca8674-abcc-4cc3-b02f-3d839fe4c14e', '1464c98d-364f-4ffe-9425-f001ae313a8f', 'Corte Masculino', 'Lucas', '2026-05-30', '14:00:00', 60, 60.00, 'confirmed', NULL, '2026-05-15 15:15:53.919047+00', NULL, '00000000-0000-0000-0000-000000000001');
INSERT INTO "public"."bookings" ("id", "client_name", "whatsapp", "email", "professional_id", "service_id", "service_name", "professional_name", "date", "time", "duration_min", "price", "status", "user_id", "created_at", "client_name_snapshot", "tenant_id") VALUES ('2c3fffc9-fe77-4326-9a95-860ae6ea5778', 'Geni', '11111111111', NULL, '58ca8674-abcc-4cc3-b02f-3d839fe4c14e', '1464c98d-364f-4ffe-9425-f001ae313a8f', 'Corte Masculino', 'Lucas', '2026-05-15', '13:30:00', 60, 60.00, 'cancelled', NULL, '2026-05-15 15:37:08.479647+00', NULL, '00000000-0000-0000-0000-000000000001');
INSERT INTO "public"."bookings" ("id", "client_name", "whatsapp", "email", "professional_id", "service_id", "service_name", "professional_name", "date", "time", "duration_min", "price", "status", "user_id", "created_at", "client_name_snapshot", "tenant_id") VALUES ('c86f5347-c35d-458f-909b-ad38cb6f43ad', 'Epifanio ', '99999999999', NULL, '58ca8674-abcc-4cc3-b02f-3d839fe4c14e', '1464c98d-364f-4ffe-9425-f001ae313a8f', 'Corte Masculino', 'Lucas', '2026-05-20', '14:30:00', 60, 60.00, 'confirmed', NULL, '2026-05-15 15:46:46.002023+00', NULL, '00000000-0000-0000-0000-000000000001');
INSERT INTO "public"."bookings" ("id", "client_name", "whatsapp", "email", "professional_id", "service_id", "service_name", "professional_name", "date", "time", "duration_min", "price", "status", "user_id", "created_at", "client_name_snapshot", "tenant_id") VALUES ('b1f4b024-2ca7-4057-83c7-084794a710b3', 'Jxuxhcjcufuficucjcjxyxcicjcuxuzucjcjxuxucjcyfucjxhxhcjx', '11111111111', NULL, '58ca8674-abcc-4cc3-b02f-3d839fe4c14e', '2b2233f3-b766-4b94-9e97-1f7ee679d5f4', 'Sobrancelha', 'Lucas', '2026-05-29', '19:00:00', 30, 25.00, 'confirmed', NULL, '2026-05-15 15:55:55.606075+00', NULL, '00000000-0000-0000-0000-000000000001');
INSERT INTO "public"."bookings" ("id", "client_name", "whatsapp", "email", "professional_id", "service_id", "service_name", "professional_name", "date", "time", "duration_min", "price", "status", "user_id", "created_at", "client_name_snapshot", "tenant_id") VALUES ('bd9a34d0-de00-4494-9f09-07c18651774f', 'Testejhghjjgbnhg. Hghjhgg jghjjhghjhgg. Hghjhgghjjhhgghj hhghjvg', '11111111111', NULL, '58ca8674-abcc-4cc3-b02f-3d839fe4c14e', '3c285990-a3eb-4fe2-9b97-a5429142b665', 'Pigmentação', 'Lucas', '2026-05-27', '19:00:00', 60, 80.00, 'confirmed', NULL, '2026-05-15 15:56:46.214048+00', NULL, '00000000-0000-0000-0000-000000000001');
INSERT INTO "public"."bookings" ("id", "client_name", "whatsapp", "email", "professional_id", "service_id", "service_name", "professional_name", "date", "time", "duration_min", "price", "status", "user_id", "created_at", "client_name_snapshot", "tenant_id") VALUES ('2f8df778-2aac-4a24-9151-160933b8926c', 'Laiane', '11953882786', NULL, '64707ae2-2aa7-4925-b8d0-5940809dc7b3', '2b2233f3-b766-4b94-9e97-1f7ee679d5f4', 'Sobrancelha', 'Ronielson', '2026-05-15', '17:30:00', 30, 25.00, 'cancelled', NULL, '2026-05-15 14:32:07.628265+00', NULL, '00000000-0000-0000-0000-000000000001');
INSERT INTO "public"."bookings" ("id", "client_name", "whatsapp", "email", "professional_id", "service_id", "service_name", "professional_name", "date", "time", "duration_min", "price", "status", "user_id", "created_at", "client_name_snapshot", "tenant_id") VALUES ('5253952d-e592-459e-8b87-8a92eef2fb5b', 'Elias', '11911111111', 'teste', '64707ae2-2aa7-4925-b8d0-5940809dc7b3', '492bd08a-73e9-4a25-a2cb-17a0eac50dd6', 'Corte + Barba', 'Ronielson', '2026-05-15', '10:00:00', 90, 95.00, 'cancelled', NULL, '2026-05-14 00:37:53.094586+00', NULL, '00000000-0000-0000-0000-000000000001');
INSERT INTO "public"."bookings" ("id", "client_name", "whatsapp", "email", "professional_id", "service_id", "service_name", "professional_name", "date", "time", "duration_min", "price", "status", "user_id", "created_at", "client_name_snapshot", "tenant_id") VALUES ('b7f707c9-4969-4c8e-a3ed-bd4b21eb5513', 'Elias', '11970160720', 'teste', '58ca8674-abcc-4cc3-b02f-3d839fe4c14e', '492bd08a-73e9-4a25-a2cb-17a0eac50dd6', 'Corte + Barba', 'Lucas', '2026-05-14', '13:00:00', 90, 95.00, 'cancelled', NULL, '2026-05-14 15:02:44.649765+00', NULL, '00000000-0000-0000-0000-000000000001');
INSERT INTO "public"."bookings" ("id", "client_name", "whatsapp", "email", "professional_id", "service_id", "service_name", "professional_name", "date", "time", "duration_min", "price", "status", "user_id", "created_at", "client_name_snapshot", "tenant_id") VALUES ('e38c06df-60bf-4c13-adb7-ca5cb5c420a8', 'Elias', '11970160720', 'eliasfamiliasena@gmail.com', '64707ae2-2aa7-4925-b8d0-5940809dc7b3', '1464c98d-364f-4ffe-9425-f001ae313a8f', 'Corte Masculino', 'Ronielson', '2026-05-14', '18:00:00', 60, 60.00, 'cancelled', NULL, '2026-05-15 14:53:52.247701+00', NULL, '00000000-0000-0000-0000-000000000001');
INSERT INTO "public"."bookings" ("id", "client_name", "whatsapp", "email", "professional_id", "service_id", "service_name", "professional_name", "date", "time", "duration_min", "price", "status", "user_id", "created_at", "client_name_snapshot", "tenant_id") VALUES ('5fc6f319-67ed-4155-b8d9-3f3d0309892a', 'Elias', '11970160720', 'teste', '64707ae2-2aa7-4925-b8d0-5940809dc7b3', '1464c98d-364f-4ffe-9425-f001ae313a8f', 'Corte Masculino', 'Ronielson', '2026-05-14', '18:30:00', 60, 60.00, 'cancelled', NULL, '2026-05-13 15:21:47.106517+00', NULL, '00000000-0000-0000-0000-000000000001');
INSERT INTO "public"."bookings" ("id", "client_name", "whatsapp", "email", "professional_id", "service_id", "service_name", "professional_name", "date", "time", "duration_min", "price", "status", "user_id", "created_at", "client_name_snapshot", "tenant_id") VALUES ('f1e646f3-b152-4816-9f74-567afd1016d7', 'Elias', '11970160720', 'teste', '64707ae2-2aa7-4925-b8d0-5940809dc7b3', '1464c98d-364f-4ffe-9425-f001ae313a8f', 'Corte Masculino', 'Ronielson', '2026-05-15', '13:00:00', 60, 60.00, 'cancelled', NULL, '2026-05-15 15:18:35.539302+00', NULL, '00000000-0000-0000-0000-000000000001');
INSERT INTO "public"."bookings" ("id", "client_name", "whatsapp", "email", "professional_id", "service_id", "service_name", "professional_name", "date", "time", "duration_min", "price", "status", "user_id", "created_at", "client_name_snapshot", "tenant_id") VALUES ('73310303-1443-4183-99fa-71d411af71c2', 'Elias', '11970160720', 'elias@gmail.com', '64707ae2-2aa7-4925-b8d0-5940809dc7b3', '1464c98d-364f-4ffe-9425-f001ae313a8f', 'Corte Masculino', 'Ronielson', '2026-05-15', '14:00:00', 60, 60.00, 'cancelled', NULL, '2026-05-15 15:24:18.734314+00', NULL, '00000000-0000-0000-0000-000000000001');
INSERT INTO "public"."bookings" ("id", "client_name", "whatsapp", "email", "professional_id", "service_id", "service_name", "professional_name", "date", "time", "duration_min", "price", "status", "user_id", "created_at", "client_name_snapshot", "tenant_id") VALUES ('a5cd7472-75b4-4c7f-a0a7-feeedf69307a', 'Cristóvão Colombo', '11970160720', 'elias@gmail.com', '64707ae2-2aa7-4925-b8d0-5940809dc7b3', '3c285990-a3eb-4fe2-9b97-a5429142b665', 'Pigmentação', 'Ronielson', '2026-05-16', '13:30:00', 60, 80.00, 'confirmed', NULL, '2026-05-16 05:43:11.391441+00', NULL, '00000000-0000-0000-0000-000000000001');
INSERT INTO "public"."bookings" ("id", "client_name", "whatsapp", "email", "professional_id", "service_id", "service_name", "professional_name", "date", "time", "duration_min", "price", "status", "user_id", "created_at", "client_name_snapshot", "tenant_id") VALUES ('2d4f206d-e5ba-4fff-bdba-5cd4f08d3709', 'Luccas', '11970160720', 'elias@gmail.com', '64707ae2-2aa7-4925-b8d0-5940809dc7b3', '1464c98d-364f-4ffe-9425-f001ae313a8f', 'Corte Masculino', 'Ronielson', '2026-05-16', '08:00:00', 60, 60.00, 'cancelled', NULL, '2026-05-13 23:23:21.131491+00', NULL, '00000000-0000-0000-0000-000000000001');
INSERT INTO "public"."bookings" ("id", "client_name", "whatsapp", "email", "professional_id", "service_id", "service_name", "professional_name", "date", "time", "duration_min", "price", "status", "user_id", "created_at", "client_name_snapshot", "tenant_id") VALUES ('42466a6b-e268-468b-8cb6-a997d6bc4b13', 'Elias', '11970160720', 'elias@gmail.com', '64707ae2-2aa7-4925-b8d0-5940809dc7b3', '1464c98d-364f-4ffe-9425-f001ae313a8f', 'Corte Masculino', 'Ronielson', '2026-05-16', '09:00:00', 60, 60.00, 'cancelled', NULL, '2026-05-15 21:05:25.809995+00', NULL, '00000000-0000-0000-0000-000000000001');
INSERT INTO "public"."bookings" ("id", "client_name", "whatsapp", "email", "professional_id", "service_id", "service_name", "professional_name", "date", "time", "duration_min", "price", "status", "user_id", "created_at", "client_name_snapshot", "tenant_id") VALUES ('474fabe6-c1b5-4399-bf7d-5c9617cdd36d', 'Elias', '11970160720', 'elias@gmail.com', '64707ae2-2aa7-4925-b8d0-5940809dc7b3', '492bd08a-73e9-4a25-a2cb-17a0eac50dd6', 'Corte + Barba', 'Ronielson', '2026-05-16', '10:00:00', 90, 95.00, 'cancelled', NULL, '2026-05-15 21:15:36.939661+00', NULL, '00000000-0000-0000-0000-000000000001');
INSERT INTO "public"."bookings" ("id", "client_name", "whatsapp", "email", "professional_id", "service_id", "service_name", "professional_name", "date", "time", "duration_min", "price", "status", "user_id", "created_at", "client_name_snapshot", "tenant_id") VALUES ('ca39250f-29f9-472a-a803-c4c75ef10933', 'Elias', '11970160720', 'elias@gmail.com', '64707ae2-2aa7-4925-b8d0-5940809dc7b3', '7a846743-272e-453b-af3f-f824ea6d5af6', 'Barba Completa', 'Ronielson', '2026-05-16', '11:30:00', 30, 45.00, 'cancelled', NULL, '2026-05-15 21:18:09.763667+00', NULL, '00000000-0000-0000-0000-000000000001');
INSERT INTO "public"."bookings" ("id", "client_name", "whatsapp", "email", "professional_id", "service_id", "service_name", "professional_name", "date", "time", "duration_min", "price", "status", "user_id", "created_at", "client_name_snapshot", "tenant_id") VALUES ('9e89ec07-d878-4c32-acbd-f6d2ece23372', 'Elias ', '11970160720', 'elias@gmail.com', '64707ae2-2aa7-4925-b8d0-5940809dc7b3', '2b2233f3-b766-4b94-9e97-1f7ee679d5f4', 'Sobrancelha', 'Ronielson', '2026-05-16', '12:00:00', 30, 25.00, 'cancelled', NULL, '2026-05-16 05:10:46.728077+00', NULL, '00000000-0000-0000-0000-000000000001');
INSERT INTO "public"."bookings" ("id", "client_name", "whatsapp", "email", "professional_id", "service_id", "service_name", "professional_name", "date", "time", "duration_min", "price", "status", "user_id", "created_at", "client_name_snapshot", "tenant_id") VALUES ('48329b7b-2d9c-414b-873f-4afccb9b834f', 'Elias', '11970160720', 'elias@gmail.com', '64707ae2-2aa7-4925-b8d0-5940809dc7b3', '1464c98d-364f-4ffe-9425-f001ae313a8f', 'Corte Masculino', 'Ronielson', '2026-05-16', '12:30:00', 60, 60.00, 'cancelled', NULL, '2026-05-16 05:41:32.749126+00', NULL, '00000000-0000-0000-0000-000000000001');
INSERT INTO "public"."bookings" ("id", "client_name", "whatsapp", "email", "professional_id", "service_id", "service_name", "professional_name", "date", "time", "duration_min", "price", "status", "user_id", "created_at", "client_name_snapshot", "tenant_id") VALUES ('b0e203f9-ca59-4c82-b0f9-10bdaa411717', 'Elias', '11970160720', 'Elias', '64707ae2-2aa7-4925-b8d0-5940809dc7b3', '1464c98d-364f-4ffe-9425-f001ae313a8f', 'Corte Masculino', 'Ronielson', '2026-05-16', '19:00:00', 60, 60.00, 'cancelled', NULL, '2026-05-15 21:42:25.789733+00', NULL, '00000000-0000-0000-0000-000000000001');
INSERT INTO "public"."bookings" ("id", "client_name", "whatsapp", "email", "professional_id", "service_id", "service_name", "professional_name", "date", "time", "duration_min", "price", "status", "user_id", "created_at", "client_name_snapshot", "tenant_id") VALUES ('e9986202-0db0-4155-a839-87f276c48bd5', 'Elias', '1199999999', 'teste', '64707ae2-2aa7-4925-b8d0-5940809dc7b3', '1464c98d-364f-4ffe-9425-f001ae313a8f', 'Corte Masculino', 'Ronielson', '2026-05-13', '14:30:00', 60, 60.00, 'cancelled', NULL, '2026-05-13 15:36:06.075944+00', NULL, '00000000-0000-0000-0000-000000000001');
INSERT INTO "public"."bookings" ("id", "client_name", "whatsapp", "email", "professional_id", "service_id", "service_name", "professional_name", "date", "time", "duration_min", "price", "status", "user_id", "created_at", "client_name_snapshot", "tenant_id") VALUES ('3035185d-417d-4fc8-ac78-39f894b8eb9d', 'Elias', '11999999999', 'elias@gmail.com', '64707ae2-2aa7-4925-b8d0-5940809dc7b3', '1464c98d-364f-4ffe-9425-f001ae313a8f', 'Corte Masculino', 'Ronielson', '2026-05-15', '15:00:00', 60, 60.00, 'cancelled', NULL, '2026-05-15 15:24:57.499253+00', NULL, '00000000-0000-0000-0000-000000000001');
INSERT INTO "public"."bookings" ("id", "client_name", "whatsapp", "email", "professional_id", "service_id", "service_name", "professional_name", "date", "time", "duration_min", "price", "status", "user_id", "created_at", "client_name_snapshot", "tenant_id") VALUES ('369c426c-4378-468a-ae81-84e61cc105af', 'Elias', '11970160720', 'Teste', '64707ae2-2aa7-4925-b8d0-5940809dc7b3', '2b2233f3-b766-4b94-9e97-1f7ee679d5f4', 'Sobrancelha', 'Ronielson', '2026-05-15', '16:00:00', 30, 25.00, 'cancelled', NULL, '2026-05-15 16:24:53.221029+00', NULL, '00000000-0000-0000-0000-000000000001');
INSERT INTO "public"."bookings" ("id", "client_name", "whatsapp", "email", "professional_id", "service_id", "service_name", "professional_name", "date", "time", "duration_min", "price", "status", "user_id", "created_at", "client_name_snapshot", "tenant_id") VALUES ('fb1dd2cb-a7a6-4c89-9ddc-7d1c9d1c3f6b', 'Elias', '11999999999', 'Teste', '64707ae2-2aa7-4925-b8d0-5940809dc7b3', '2b2233f3-b766-4b94-9e97-1f7ee679d5f4', 'Sobrancelha', 'Ronielson', '2026-05-31', '19:30:00', 30, 25.00, 'cancelled', NULL, '2026-05-15 16:48:28.521975+00', NULL, '00000000-0000-0000-0000-000000000001');
INSERT INTO "public"."bookings" ("id", "client_name", "whatsapp", "email", "professional_id", "service_id", "service_name", "professional_name", "date", "time", "duration_min", "price", "status", "user_id", "created_at", "client_name_snapshot", "tenant_id") VALUES ('0667c607-3c41-47c4-b525-4981307b1e53', 'Berenice ', '11981991273', NULL, '58ca8674-abcc-4cc3-b02f-3d839fe4c14e', '1464c98d-364f-4ffe-9425-f001ae313a8f', 'Corte Masculino', 'Lucas', '2026-05-28', '08:00:00', 60, 60.00, 'confirmed', NULL, '2026-05-16 21:23:14.772006+00', 'Berenice', '00000000-0000-0000-0000-000000000001');
INSERT INTO "public"."bookings" ("id", "client_name", "whatsapp", "email", "professional_id", "service_id", "service_name", "professional_name", "date", "time", "duration_min", "price", "status", "user_id", "created_at", "client_name_snapshot", "tenant_id") VALUES ('e9bd93a9-6e27-4c80-87fe-22862a561e00', 'Luccas', '11970160720', 'elias@gmail.com', '64707ae2-2aa7-4925-b8d0-5940809dc7b3', '1464c98d-364f-4ffe-9425-f001ae313a8f', 'Corte Masculino', 'Ronielson', '2026-05-16', '08:00:00', 60, 60.00, 'cancelled', NULL, '2026-05-16 05:54:33.310084+00', NULL, '00000000-0000-0000-0000-000000000001');
INSERT INTO "public"."bookings" ("id", "client_name", "whatsapp", "email", "professional_id", "service_id", "service_name", "professional_name", "date", "time", "duration_min", "price", "status", "user_id", "created_at", "client_name_snapshot", "tenant_id") VALUES ('dc2797eb-0ee6-4e34-978c-5a02114ad467', 'Elias', '11970160720', 'elias@gmail.com', '64707ae2-2aa7-4925-b8d0-5940809dc7b3', 'fc1708c4-496b-40a2-ab1a-67626f12f672', 'Teste criação de serviço', 'Ronielson', '2026-05-17', '08:30:00', 30, 500000.00, 'confirmed', NULL, '2026-05-17 03:30:46.371033+00', 'Elias', '00000000-0000-0000-0000-000000000001');
INSERT INTO "public"."bookings" ("id", "client_name", "whatsapp", "email", "professional_id", "service_id", "service_name", "professional_name", "date", "time", "duration_min", "price", "status", "user_id", "created_at", "client_name_snapshot", "tenant_id") VALUES ('3c5ca027-be9f-4994-99c3-6ac6209effd1', 'Elias', '11970160720', NULL, '8375bf41-f6e9-47fb-bcae-7b926c539665', '1464c98d-364f-4ffe-9425-f001ae313a8f', 'Corte Masculino', 'Elias', '2026-05-19', '11:00:00', 60, 60.00, 'confirmed', NULL, '2026-05-17 22:40:10.383921+00', 'Elias', '00000000-0000-0000-0000-000000000001');
INSERT INTO "public"."bookings" ("id", "client_name", "whatsapp", "email", "professional_id", "service_id", "service_name", "professional_name", "date", "time", "duration_min", "price", "status", "user_id", "created_at", "client_name_snapshot", "tenant_id") VALUES ('b217b476-ba0f-4706-89e8-fc332b947519', 'Elias', '11970160720', 'teste', '64707ae2-2aa7-4925-b8d0-5940809dc7b3', '7a846743-272e-453b-af3f-f824ea6d5af6', 'Barba Completa', 'Ronielson', '2026-06-01', '08:00:00', 30, 45.00, 'cancelled', NULL, '2026-05-14 00:40:07.935857+00', NULL, '00000000-0000-0000-0000-000000000001');
INSERT INTO "public"."bookings" ("id", "client_name", "whatsapp", "email", "professional_id", "service_id", "service_name", "professional_name", "date", "time", "duration_min", "price", "status", "user_id", "created_at", "client_name_snapshot", "tenant_id") VALUES ('4e5fa7d3-270c-42eb-9585-0f404bde4862', 'Le', '11949625862', NULL, '58ca8674-abcc-4cc3-b02f-3d839fe4c14e', '492bd08a-73e9-4a25-a2cb-17a0eac50dd6', 'Corte + Barba', 'Lucas', '2026-05-22', '16:30:00', 90, 95.00, 'cancelled', NULL, '2026-05-15 15:14:10.637493+00', NULL, '00000000-0000-0000-0000-000000000001');
INSERT INTO "public"."bookings" ("id", "client_name", "whatsapp", "email", "professional_id", "service_id", "service_name", "professional_name", "date", "time", "duration_min", "price", "status", "user_id", "created_at", "client_name_snapshot", "tenant_id") VALUES ('2370be37-1d9b-4937-8d29-d878d1a13c6f', 'Teste', '11949625862', NULL, '64707ae2-2aa7-4925-b8d0-5940809dc7b3', '1464c98d-364f-4ffe-9425-f001ae313a8f', 'Corte Masculino', 'Ronielson', '2026-05-22', '08:30:00', 60, 60.00, 'cancelled', NULL, '2026-05-15 15:58:55.353698+00', NULL, '00000000-0000-0000-0000-000000000001');
INSERT INTO "public"."bookings" ("id", "client_name", "whatsapp", "email", "professional_id", "service_id", "service_name", "professional_name", "date", "time", "duration_min", "price", "status", "user_id", "created_at", "client_name_snapshot", "tenant_id") VALUES ('c72b2315-6c25-4cef-8e30-0daa0a27a6c1', 'Luciania', '11947896634', 'lu.silvana@hotmail.com', '58ca8674-abcc-4cc3-b02f-3d839fe4c14e', '3c285990-a3eb-4fe2-9b97-a5429142b665', 'Pigmentação', 'Lucas', '2026-05-22', '08:00:00', 60, 80.00, 'cancelled', NULL, '2026-05-17 16:35:01.500628+00', 'Luciania', '00000000-0000-0000-0000-000000000001');
INSERT INTO "public"."bookings" ("id", "client_name", "whatsapp", "email", "professional_id", "service_id", "service_name", "professional_name", "date", "time", "duration_min", "price", "status", "user_id", "created_at", "client_name_snapshot", "tenant_id") VALUES ('91d381ad-3b62-4e6b-8754-d5519ea9165a', 'elias', '11970160720', NULL, 'd7f29674-698a-4bd0-be34-83ed67374abd', '730c7ded-4724-4dc5-9a07-17c7bdca026a', 'Pintar', 'Gaby sena', '2026-05-22', '11:00:00', 60, 20.00, 'cancelled', NULL, '2026-05-21 23:56:33.708261+00', 'elias', '00000000-0000-0000-0000-000000000002');
INSERT INTO "public"."bookings" ("id", "client_name", "whatsapp", "email", "professional_id", "service_id", "service_name", "professional_name", "date", "time", "duration_min", "price", "status", "user_id", "created_at", "client_name_snapshot", "tenant_id") VALUES ('2aae86c4-da36-4a10-a4ae-d6446d36f4eb', 'Le', '11949625862', NULL, '58ca8674-abcc-4cc3-b02f-3d839fe4c14e', '7a846743-272e-453b-af3f-f824ea6d5af6', 'Barba Completa', 'Elias sena', '2026-05-29', '16:00:00', 30, 45.00, 'cancelled', NULL, '2026-05-22 00:02:15.727559+00', 'Le', '00000000-0000-0000-0000-000000000001');
INSERT INTO "public"."bookings" ("id", "client_name", "whatsapp", "email", "professional_id", "service_id", "service_name", "professional_name", "date", "time", "duration_min", "price", "status", "user_id", "created_at", "client_name_snapshot", "tenant_id") VALUES ('4c9ab0eb-a925-4c13-b87e-82379166480a', 'elias', '1199999999', NULL, 'd7f29674-698a-4bd0-be34-83ed67374abd', '730c7ded-4724-4dc5-9a07-17c7bdca026a', 'Pintar', 'Gaby sena', '2026-05-22', '11:30:00', 60, 20.00, 'cancelled', NULL, '2026-05-22 00:05:00.825206+00', 'elias', '00000000-0000-0000-0000-000000000002');
INSERT INTO "public"."bookings" ("id", "client_name", "whatsapp", "email", "professional_id", "service_id", "service_name", "professional_name", "date", "time", "duration_min", "price", "status", "user_id", "created_at", "client_name_snapshot", "tenant_id") VALUES ('37b016d0-0d51-4384-ad65-671b61802544', '123456', '11949625862', NULL, '64707ae2-2aa7-4925-b8d0-5940809dc7b3', '1464c98d-364f-4ffe-9425-f001ae313a8f', 'Corte Masculino', 'Ronielson', '2026-05-22', '16:00:00', 60, 60.00, 'confirmed', NULL, '2026-05-22 14:31:37.194444+00', '123456', '00000000-0000-0000-0000-000000000001');
INSERT INTO "public"."bookings" ("id", "client_name", "whatsapp", "email", "professional_id", "service_id", "service_name", "professional_name", "date", "time", "duration_min", "price", "status", "user_id", "created_at", "client_name_snapshot", "tenant_id") VALUES ('d4cfab4b-15d1-499a-90fc-718ab9801aca', 'Elias', '11970190720', NULL, '8375bf41-f6e9-47fb-bcae-7b926c539665', '1464c98d-364f-4ffe-9425-f001ae313a8f', 'Corte Masculino', 'Rodrigo', '2026-05-22', '13:30:00', 60, 60.00, 'confirmed', NULL, '2026-05-22 15:43:57.275504+00', 'Elias', '00000000-0000-0000-0000-000000000001');
INSERT INTO "public"."bookings" ("id", "client_name", "whatsapp", "email", "professional_id", "service_id", "service_name", "professional_name", "date", "time", "duration_min", "price", "status", "user_id", "created_at", "client_name_snapshot", "tenant_id") VALUES ('49d3fba9-b5fb-425f-8664-641934b7bf78', 'elias', '11970160720', NULL, '8375bf41-f6e9-47fb-bcae-7b926c539665', '1464c98d-364f-4ffe-9425-f001ae313a8f', 'Corte Masculino', 'Rodrigo', '2026-06-02', '08:00:00', 60, 60.00, 'confirmed', NULL, '2026-05-22 15:45:56.560496+00', 'elias', '00000000-0000-0000-0000-000000000001');
INSERT INTO "public"."bookings" ("id", "client_name", "whatsapp", "email", "professional_id", "service_id", "service_name", "professional_name", "date", "time", "duration_min", "price", "status", "user_id", "created_at", "client_name_snapshot", "tenant_id") VALUES ('43c40c66-d19f-4ec5-b423-3b38289fd14e', 'Le', '11949625862', NULL, '8375bf41-f6e9-47fb-bcae-7b926c539665', '2b2233f3-b766-4b94-9e97-1f7ee679d5f4', 'Sobrancelha', 'Rodrigo', '2026-05-29', '16:30:00', 30, 32.00, 'confirmed', NULL, '2026-05-22 15:57:31.064016+00', 'Le', '00000000-0000-0000-0000-000000000001');
INSERT INTO "public"."bookings" ("id", "client_name", "whatsapp", "email", "professional_id", "service_id", "service_name", "professional_name", "date", "time", "duration_min", "price", "status", "user_id", "created_at", "client_name_snapshot", "tenant_id") VALUES ('73b8aab1-b6ed-43bf-bdd7-1120aaa3c8db', 'Leandro', '11949625862', NULL, '8375bf41-f6e9-47fb-bcae-7b926c539665', '492bd08a-73e9-4a25-a2cb-17a0eac50dd6', 'Corte + Barba', 'Rodrigo', '2026-05-28', '16:00:00', 90, 95.00, 'confirmed', NULL, '2026-05-22 16:02:11.341474+00', 'Leandro', '00000000-0000-0000-0000-000000000001');
INSERT INTO "public"."bookings" ("id", "client_name", "whatsapp", "email", "professional_id", "service_id", "service_name", "professional_name", "date", "time", "duration_min", "price", "status", "user_id", "created_at", "client_name_snapshot", "tenant_id") VALUES ('0bd1ef48-9a2f-41a8-bde6-26e2a312ece4', 'elias', '11970160720', NULL, '8375bf41-f6e9-47fb-bcae-7b926c539665', '1464c98d-364f-4ffe-9425-f001ae313a8f', 'Corte Masculino', 'Rodrigo', '2026-05-22', '14:30:00', 60, 60.00, 'confirmed', NULL, '2026-05-22 16:44:28.982931+00', 'elias', '00000000-0000-0000-0000-000000000001');
INSERT INTO "public"."bookings" ("id", "client_name", "whatsapp", "email", "professional_id", "service_id", "service_name", "professional_name", "date", "time", "duration_min", "price", "status", "user_id", "created_at", "client_name_snapshot", "tenant_id") VALUES ('7505fa69-6e77-4cf2-b85e-5ab01ca33ec0', 'Elias', '11970160720', 'teste', 'd7f29674-698a-4bd0-be34-83ed67374abd', '730c7ded-4724-4dc5-9a07-17c7bdca026a', 'Pintar', 'Gaby sena', '2026-05-22', '14:30:00', 60, 20.00, 'confirmed', NULL, '2026-05-22 16:53:10.234404+00', 'Elias', '00000000-0000-0000-0000-000000000002');
INSERT INTO "public"."bookings" ("id", "client_name", "whatsapp", "email", "professional_id", "service_id", "service_name", "professional_name", "date", "time", "duration_min", "price", "status", "user_id", "created_at", "client_name_snapshot", "tenant_id") VALUES ('1ed0e2d3-39a3-4bef-b9c2-eb903fedb716', 'Elias', '11970160720', NULL, 'd7f29674-698a-4bd0-be34-83ed67374abd', '730c7ded-4724-4dc5-9a07-17c7bdca026a', 'Pintar', 'Gaby sena', '2026-05-22', '16:00:00', 60, 20.00, 'confirmed', NULL, '2026-05-22 18:07:06.352998+00', 'Elias', '00000000-0000-0000-0000-000000000002');
INSERT INTO "public"."bookings" ("id", "client_name", "whatsapp", "email", "professional_id", "service_id", "service_name", "professional_name", "date", "time", "duration_min", "price", "status", "user_id", "created_at", "client_name_snapshot", "tenant_id") VALUES ('5f4bb099-4b21-4cdf-b0f4-cee977ddbb86', 'Elias', '11970160720', NULL, 'd7f29674-698a-4bd0-be34-83ed67374abd', '730c7ded-4724-4dc5-9a07-17c7bdca026a', 'Pintar', 'Gaby sena', '2026-05-22', '20:00:00', 60, 20.00, 'confirmed', NULL, '2026-05-22 19:16:23.325145+00', 'Elias', '00000000-0000-0000-0000-000000000002');
INSERT INTO "public"."bookings" ("id", "client_name", "whatsapp", "email", "professional_id", "service_id", "service_name", "professional_name", "date", "time", "duration_min", "price", "status", "user_id", "created_at", "client_name_snapshot", "tenant_id") VALUES ('f32f8bc5-02bc-49a1-836d-64e5dfb3095a', 'elias', '11970160720', 'elias', '58ca8674-abcc-4cc3-b02f-3d839fe4c14e', '1464c98d-364f-4ffe-9425-f001ae313a8f', 'Corte Masculino', 'Elias sena', '2026-05-25', '08:30:00', 60, 60.00, 'confirmed', NULL, '2026-05-22 19:56:42.560604+00', 'elias', '00000000-0000-0000-0000-000000000001');
INSERT INTO "public"."bookings" ("id", "client_name", "whatsapp", "email", "professional_id", "service_id", "service_name", "professional_name", "date", "time", "duration_min", "price", "status", "user_id", "created_at", "client_name_snapshot", "tenant_id") VALUES ('6278f873-0ff2-4787-ad5d-ba3ce2226baa', 'Elias', '11970160720', NULL, 'd7f29674-698a-4bd0-be34-83ed67374abd', '730c7ded-4724-4dc5-9a07-17c7bdca026a', 'Pintar', 'Gaby sena', '2026-05-22', '18:30:00', 60, 20.00, 'confirmed', NULL, '2026-05-22 20:31:55.556961+00', 'Elias', '00000000-0000-0000-0000-000000000002');
INSERT INTO "public"."bookings" ("id", "client_name", "whatsapp", "email", "professional_id", "service_id", "service_name", "professional_name", "date", "time", "duration_min", "price", "status", "user_id", "created_at", "client_name_snapshot", "tenant_id") VALUES ('6dc9f3ae-f1e1-470e-b0de-d929eef03f99', 'Elias', '11970160720', NULL, 'd7f29674-698a-4bd0-be34-83ed67374abd', '730c7ded-4724-4dc5-9a07-17c7bdca026a', 'Unha de gel', 'Gaby sena', '2026-05-25', '08:00:00', 60, 95.00, 'confirmed', NULL, '2026-05-22 23:38:48.457936+00', 'Elias', '00000000-0000-0000-0000-000000000002');
INSERT INTO "public"."bookings" ("id", "client_name", "whatsapp", "email", "professional_id", "service_id", "service_name", "professional_name", "date", "time", "duration_min", "price", "status", "user_id", "created_at", "client_name_snapshot", "tenant_id") VALUES ('a6c0bd25-8fe1-48a5-89fc-bb0f59b717b9', 'Elias', '11970160720', NULL, 'd7f29674-698a-4bd0-be34-83ed67374abd', '730c7ded-4724-4dc5-9a07-17c7bdca026a', 'Unha de gel', 'Gaby sena', '2026-05-25', '09:00:00', 60, 95.00, 'cancelled', NULL, '2026-05-23 05:44:53.33063+00', 'Elias', '00000000-0000-0000-0000-000000000002');


--
-- Data for Name: payments; Type: TABLE DATA; Schema: public; Owner: -
--



--
-- Data for Name: profiles; Type: TABLE DATA; Schema: public; Owner: -
--

INSERT INTO "public"."profiles" ("id", "name", "whatsapp", "email", "active", "created_at", "tenant_id") VALUES ('50ff20b9-85eb-4811-aba1-0262054cc362', 'elias@gmail.com', NULL, 'elias@gmail.com', true, '2026-05-13 14:59:46.219123+00', '00000000-0000-0000-0000-000000000001');
INSERT INTO "public"."profiles" ("id", "name", "whatsapp", "email", "active", "created_at", "tenant_id") VALUES ('9254024c-cf65-49e4-bec6-f81b4cffa09f', 'leandro@gmail.com', NULL, 'leandro@gmail.com', true, '2026-05-13 15:29:58.320617+00', '00000000-0000-0000-0000-000000000001');
INSERT INTO "public"."profiles" ("id", "name", "whatsapp", "email", "active", "created_at", "tenant_id") VALUES ('473c8241-d460-411e-8023-7670a1fc7b53', 'Leandro', '11949625862', 'leandro@test.com', true, '2026-05-16 20:52:53.886398+00', '00000000-0000-0000-0000-000000000001');
INSERT INTO "public"."profiles" ("id", "name", "whatsapp", "email", "active", "created_at", "tenant_id") VALUES ('3a94e639-007c-47f9-90f9-6da9046621ba', 'Le', '11111111111', '', true, '2026-05-16 20:53:42.977937+00', '00000000-0000-0000-0000-000000000001');
INSERT INTO "public"."profiles" ("id", "name", "whatsapp", "email", "active", "created_at", "tenant_id") VALUES ('cb918118-1bbb-4198-8bd7-cb8acd184bca', 'Teste', '11900009999', 'teste', true, '2026-05-16 20:53:42.977937+00', '00000000-0000-0000-0000-000000000001');
INSERT INTO "public"."profiles" ("id", "name", "whatsapp", "email", "active", "created_at", "tenant_id") VALUES ('5b2b3b51-49d8-4327-b54e-948e929f056a', 'Elias', '11911111111', 'teste', true, '2026-05-16 20:53:42.977937+00', '00000000-0000-0000-0000-000000000001');
INSERT INTO "public"."profiles" ("id", "name", "whatsapp", "email", "active", "created_at", "tenant_id") VALUES ('dfa4aa74-11db-4fae-933e-238b8cddda05', 'Laiane', '11953882786', '', true, '2026-05-16 20:53:42.977937+00', '00000000-0000-0000-0000-000000000001');
INSERT INTO "public"."profiles" ("id", "name", "whatsapp", "email", "active", "created_at", "tenant_id") VALUES ('f6081adc-92d7-4922-9d2a-104c475a5a8e', 'Leandro', '11999999999', 'elias', true, '2026-05-16 20:53:42.977937+00', '00000000-0000-0000-0000-000000000001');
INSERT INTO "public"."profiles" ("id", "name", "whatsapp", "email", "active", "created_at", "tenant_id") VALUES ('7ef555f9-b5df-4f71-9c7a-df7983c6c5bb', 'Road', '22222222222', '', true, '2026-05-16 20:53:42.977937+00', '00000000-0000-0000-0000-000000000001');
INSERT INTO "public"."profiles" ("id", "name", "whatsapp", "email", "active", "created_at", "tenant_id") VALUES ('89831191-1de1-401e-8156-b3efcdd3f83b', 'Epifanio ', '99999999999', '', true, '2026-05-16 20:53:42.977937+00', '00000000-0000-0000-0000-000000000001');
INSERT INTO "public"."profiles" ("id", "name", "whatsapp", "email", "active", "created_at", "tenant_id") VALUES ('46e95f9b-982a-4fd2-b72e-8f74a5e53483', 'Elias', '11970160720', 'elias@gmail.com', true, '2026-05-16 20:48:50.715007+00', '00000000-0000-0000-0000-000000000001');
INSERT INTO "public"."profiles" ("id", "name", "whatsapp", "email", "active", "created_at", "tenant_id") VALUES ('bc76d9f4-b0b0-4fa8-98f3-aedc85b173f2', 'Berenice ', '11981991273', '', true, '2026-05-16 21:23:13.948082+00', '00000000-0000-0000-0000-000000000001');
INSERT INTO "public"."profiles" ("id", "name", "whatsapp", "email", "active", "created_at", "tenant_id") VALUES ('2fd60de7-845b-42b7-aeb6-ca198271558f', 'Gaby ', '11947900885', 'gabysena29@icloud.com', true, '2026-05-17 14:09:37.022239+00', '00000000-0000-0000-0000-000000000001');
INSERT INTO "public"."profiles" ("id", "name", "whatsapp", "email", "active", "created_at", "tenant_id") VALUES ('7a57ef2e-0195-4536-bf7f-2c9420383d87', 'Luciania', '11947896634', 'lu.silvana@hotmail.com', true, '2026-05-17 16:35:00.75284+00', '00000000-0000-0000-0000-000000000001');
INSERT INTO "public"."profiles" ("id", "name", "whatsapp", "email", "active", "created_at", "tenant_id") VALUES ('ce8fa5a4-9bad-46e8-98c6-c99b48e7c27e', 'Elias', NULL, 'testeelias@gmail.com', true, '2026-05-17 21:05:34.329373+00', '00000000-0000-0000-0000-000000000001');
INSERT INTO "public"."profiles" ("id", "name", "whatsapp", "email", "active", "created_at", "tenant_id") VALUES ('b427cd4c-ca9c-45cc-a03a-dea814a7171c', 'Leonidas', '1496254211', '', true, '2026-05-19 16:59:54.469789+00', '00000000-0000-0000-0000-000000000001');
INSERT INTO "public"."profiles" ("id", "name", "whatsapp", "email", "active", "created_at", "tenant_id") VALUES ('90491dc7-0848-4db2-a8ee-dde90a0f9ebb', 'Antony', '1154744444', '', true, '2026-05-19 17:01:00.673699+00', '00000000-0000-0000-0000-000000000001');
INSERT INTO "public"."profiles" ("id", "name", "whatsapp", "email", "active", "created_at", "tenant_id") VALUES ('53a52c76-805c-49fe-ab2f-74362c97795b', 'Dom', '1170560683', '', true, '2026-05-19 20:23:30.194645+00', '00000000-0000-0000-0000-000000000001');
INSERT INTO "public"."profiles" ("id", "name", "whatsapp", "email", "active", "created_at", "tenant_id") VALUES ('0e7a7237-cc85-4679-b36a-cf3cf96202d6', 'Studio Nails', NULL, 'teste@gmail.com', true, '2026-05-21 00:05:40.174543+00', '00000000-0000-0000-0000-000000000001');
INSERT INTO "public"."profiles" ("id", "name", "whatsapp", "email", "active", "created_at", "tenant_id") VALUES ('05d39787-a81c-440b-9753-c16ad27c80e2', 'Gaby', NULL, 'profissionalteste@gmail.com', true, '2026-05-21 01:23:04.469712+00', '00000000-0000-0000-0000-000000000001');
INSERT INTO "public"."profiles" ("id", "name", "whatsapp", "email", "active", "created_at", "tenant_id") VALUES ('60e72cb1-4de2-4dff-975a-1f265d4a3b06', 'Elias', '11970160720', '', true, '2026-05-21 01:24:52.381204+00', '00000000-0000-0000-0000-000000000002');
INSERT INTO "public"."profiles" ("id", "name", "whatsapp", "email", "active", "created_at", "tenant_id") VALUES ('6aed6b59-1eb7-4fc4-a15d-80b492d31806', 'Elias', '19965885555', 'teste@gmail.com', true, '2026-05-21 02:52:07.103898+00', '00000000-0000-0000-0000-000000000002');
INSERT INTO "public"."profiles" ("id", "name", "whatsapp", "email", "active", "created_at", "tenant_id") VALUES ('9c9dd16c-0780-45d7-a233-d47049920baa', 'elias', '1199999999', '', true, '2026-05-21 22:36:51.142007+00', '00000000-0000-0000-0000-000000000002');
INSERT INTO "public"."profiles" ("id", "name", "whatsapp", "email", "active", "created_at", "tenant_id") VALUES ('7b4da0fe-5ae3-46db-bd5e-94770f2ca586', 'elias', '11999999999', '', true, '2026-05-21 13:38:07.364837+00', '00000000-0000-0000-0000-000000000002');
INSERT INTO "public"."profiles" ("id", "name", "whatsapp", "email", "active", "created_at", "tenant_id") VALUES ('9001dc85-bc38-4ca8-b2c2-3d3d4bff40fc', 'Elias', '1199999999', 'teste', false, '2026-05-16 20:53:42.977937+00', '00000000-0000-0000-0000-000000000001');
INSERT INTO "public"."profiles" ("id", "name", "whatsapp", "email", "active", "created_at", "tenant_id") VALUES ('3609d34a-922e-4f69-af49-107d221eef59', 'Elias', '11970190720', '', true, '2026-05-22 15:43:56.441239+00', '00000000-0000-0000-0000-000000000001');


--
-- Data for Name: recurrence_campaigns; Type: TABLE DATA; Schema: public; Owner: -
--

INSERT INTO "public"."recurrence_campaigns" ("id", "name", "channel", "target_filter", "template", "scheduled_at", "status", "plan_tier", "created_at", "tenant_id") VALUES ('1d07e0e9-92fe-4410-b013-5b6e078eeba4', 'Recorrencia 7 dias', 'whatsapp', 'all_active', 'Oi {nome}! Temos uma promoção especial pra você essa semana 💈', NULL, 'draft', 'basic', '2026-05-22 21:58:21.50253+00', '00000000-0000-0000-0000-000000000001');


--
-- Data for Name: reviews; Type: TABLE DATA; Schema: public; Owner: -
--



--
-- Data for Name: user_roles; Type: TABLE DATA; Schema: public; Owner: -
--

INSERT INTO "public"."user_roles" ("id", "user_id", "role", "tenant_id") VALUES ('dae73c87-2a90-4772-b6e9-59353a3c25c9', '9254024c-cf65-49e4-bec6-f81b4cffa09f', 'owner', '00000000-0000-0000-0000-000000000001');
INSERT INTO "public"."user_roles" ("id", "user_id", "role", "tenant_id") VALUES ('46c53e9f-e4c2-4bde-85ad-1f50798d789e', '50ff20b9-85eb-4811-aba1-0262054cc362', 'owner', '00000000-0000-0000-0000-000000000001');
INSERT INTO "public"."user_roles" ("id", "user_id", "role", "tenant_id") VALUES ('8ae5c9a2-998b-49cc-84ad-10aef85e06d6', 'ce8fa5a4-9bad-46e8-98c6-c99b48e7c27e', 'professional', '00000000-0000-0000-0000-000000000001');
INSERT INTO "public"."user_roles" ("id", "user_id", "role", "tenant_id") VALUES ('42cee8c6-86c8-4f4d-9577-58f5270a3d20', '0e7a7237-cc85-4679-b36a-cf3cf96202d6', 'owner', '00000000-0000-0000-0000-000000000002');
INSERT INTO "public"."user_roles" ("id", "user_id", "role", "tenant_id") VALUES ('cbe9a409-73f1-4b7c-bc50-b9f5674808df', '05d39787-a81c-440b-9753-c16ad27c80e2', 'professional', '00000000-0000-0000-0000-000000000002');
INSERT INTO "public"."user_roles" ("id", "user_id", "role", "tenant_id") VALUES ('1c964d02-3e14-4eac-90eb-90ac6abb7eac', '50ff20b9-85eb-4811-aba1-0262054cc362', 'admin', '00000000-0000-0000-0000-000000000001');


--
-- Name: availability_id_seq; Type: SEQUENCE SET; Schema: public; Owner: -
--

SELECT pg_catalog.setval('"public"."availability_id_seq"', 7, true);


--
-- PostgreSQL database dump complete
--

\unrestrict 5ToKwMJpGsySmkuKzPuMyxOpuigrGwwtE8xNfY3oRcTBhz5y0ELTnucL6K5bFbz

